Datetime,Close,High,Low,Open,Volume
2026-02-23 14:30:00+00:00,6910.419921875,6914.72021484375,6893.419921875,6901.25,0
2026-02-23 14:35:00+00:00,6914.0,6916.9599609375,6906.43994140625,6910.509765625,56200781
2026-02-23 14:40:00+00:00,6892.830078125,6913.75,6892.4501953125,6913.75,55542452
2026-02-23 14:45:00+00:00,6885.89013671875,6894.93017578125,6884.81982421875,6892.68994140625,51597906
2026-02-23 14:50:00+00:00,6887.5498046875,6898.08984375,6885.43994140625,6885.93994140625,44719009
2026-02-23 14:55:00+00:00,6881.89990234375,6888.14990234375,6880.2001953125,6887.5498046875,39978361
2026-02-23 15:00:00+00:00,6868.97998046875,6887.93994140625,6868.81005859375,6881.35009765625,47203022
2026-02-23 15:05:00+00:00,6864.97998046875,6873.31982421875,6863.35986328125,6868.97998046875,46949401
2026-02-23 15:10:00+00:00,6863.68017578125,6872.2900390625,6862.2998046875,6865.330078125,42862681
2026-02-23 15:15:00+00:00,6864.89013671875,6865.85986328125,6861.25,6863.68994140625,40421781
2026-02-23 15:20:00+00:00,6865.06982421875,6871.25,6861.58984375,6865.31982421875,39251874
2026-02-23 15:25:00+00:00,6860.5498046875,6865.169921875,6859.1298828125,6865.169921875,36762126
2026-02-23 15:30:00+00:00,6856.259765625,6865.27978515625,6856.14013671875,6860.91015625,40986379
2026-02-23 15:35:00+00:00,6857.35986328125,6860.31005859375,6853.169921875,6856.22021484375,32125496
2026-02-23 15:40:00+00:00,6852.330078125,6858.18017578125,6850.75,6857.3701171875,32279409
2026-02-23 15:45:00+00:00,6851.490234375,6855.16015625,6849.93994140625,6852.47998046875,33534879
2026-02-23 15:50:00+00:00,6843.75,6853.93994140625,6843.0400390625,6851.6201171875,37280493
2026-02-23 15:55:00+00:00,6838.85009765625,6844.47021484375,6838.27978515625,6843.7900390625,38368789
2026-02-23 16:00:00+00:00,6828.64013671875,6840.919921875,6825.2001953125,6838.6298828125,36873762
2026-02-23 16:05:00+00:00,6825.580078125,6829.52001953125,6823.9501953125,6828.77978515625,33988613
2026-02-23 16:10:00+00:00,6822.4599609375,6829.35009765625,6821.89013671875,6825.419921875,32130424
2026-02-23 16:15:00+00:00,6831.3798828125,6831.64990234375,6819.81982421875,6822.6298828125,33908416
2026-02-23 16:20:00+00:00,6834.1298828125,6836.9501953125,6831.35986328125,6831.35986328125,32150753
2026-02-23 16:25:00+00:00,6844.91015625,6845.009765625,6833.81982421875,6834.0400390625,36787000
2026-02-23 16:30:00+00:00,6843.009765625,6847.47021484375,6842.4501953125,6844.91015625,38944000
2026-02-23 16:35:00+00:00,6842.14013671875,6846.06005859375,6841.14990234375,6843.2001953125,32301000
2026-02-23 16:40:00+00:00,6841.080078125,6843.56982421875,6839.759765625,6841.97021484375,29456000
2026-02-23 16:45:00+00:00,6838.06005859375,6841.7099609375,6834.81982421875,6841.0400390625,27099000
2026-02-23 16:50:00+00:00,6838.7099609375,6842.10009765625,6836.85986328125,6838.02978515625,24698000
2026-02-23 16:55:00+00:00,6835.85009765625,6839.509765625,6834.8798828125,6838.83984375,24279000
2026-02-23 17:00:00+00:00,6837.35009765625,6840.52001953125,6834.990234375,6835.93994140625,25552000
2026-02-23 17:05:00+00:00,6837.240234375,6840.5498046875,6836.1298828125,6837.43017578125,23162000
2026-02-23 17:10:00+00:00,6833.85986328125,6838.5400390625,6832.77001953125,6837.06982421875,23743000
2026-02-23 17:15:00+00:00,6835.2900390625,6838.68017578125,6833.9599609375,6834.0,24213000
2026-02-23 17:20:00+00:00,6835.080078125,6838.14013671875,6834.3701171875,6835.2099609375,23596000
2026-02-23 17:25:00+00:00,6833.419921875,6836.6298828125,6833.259765625,6834.990234375,23247000
2026-02-23 17:30:00+00:00,6829.97021484375,6833.52001953125,6829.35986328125,6833.39013671875,22532000
2026-02-23 17:35:00+00:00,6822.52001953125,6829.91015625,6822.52001953125,6829.8798828125,25296000
2026-02-23 17:40:00+00:00,6828.5,6832.7001953125,6821.81005859375,6822.47998046875,25076000
2026-02-23 17:45:00+00:00,6827.27978515625,6831.41015625,6826.33984375,6828.3798828125,20302000
2026-02-23 17:50:00+00:00,6835.47021484375,6837.259765625,6827.18017578125,6827.2001953125,23016000
2026-02-23 17:55:00+00:00,6836.18994140625,6839.22998046875,6834.509765625,6835.43017578125,21568000
2026-02-23 18:00:00+00:00,6839.97021484375,6840.7001953125,6835.7099609375,6836.22998046875,21719000
2026-02-23 18:05:00+00:00,6844.7099609375,6844.83984375,6839.759765625,6839.990234375,21264000
2026-02-23 18:10:00+00:00,6847.5400390625,6847.75,6842.89013671875,6844.740234375,23954000
2026-02-23 18:15:00+00:00,6847.60986328125,6850.02001953125,6846.39013671875,6847.43017578125,21866000
2026-02-23 18:20:00+00:00,6853.91015625,6854.39013671875,6847.43017578125,6847.669921875,23377000
2026-02-23 18:25:00+00:00,6854.25,6855.5400390625,6852.490234375,6853.97021484375,26145000
2026-02-23 18:30:00+00:00,6853.7001953125,6854.5400390625,6851.16015625,6854.330078125,23148000
2026-02-23 18:35:00+00:00,6850.60009765625,6855.5498046875,6850.60009765625,6853.7001953125,22265000
2026-02-23 18:40:00+00:00,6846.33984375,6851.68994140625,6845.330078125,6850.6298828125,22082000
2026-02-23 18:45:00+00:00,6848.89990234375,6850.16015625,6844.68994140625,6846.41015625,20972000
2026-02-23 18:50:00+00:00,6841.669921875,6849.02978515625,6841.3701171875,6848.89990234375,21174000
2026-02-23 18:55:00+00:00,6836.2900390625,6842.08984375,6835.22021484375,6841.6201171875,24319000
2026-02-23 19:00:00+00:00,6834.89013671875,6838.60009765625,6834.43017578125,6836.35009765625,23713000
2026-02-23 19:05:00+00:00,6834.89990234375,6837.25,6833.66015625,6834.68994140625,26967000
2026-02-23 19:10:00+00:00,6835.4501953125,6837.2998046875,6833.3798828125,6834.97021484375,22366000
2026-02-23 19:15:00+00:00,6834.1201171875,6836.89990234375,6832.52001953125,6835.39990234375,22261000
2026-02-23 19:20:00+00:00,6833.2998046875,6834.990234375,6832.009765625,6834.080078125,21330000
2026-02-23 19:25:00+00:00,6828.509765625,6834.81005859375,6828.02978515625,6833.43017578125,23916000
2026-02-23 19:30:00+00:00,6829.27978515625,6832.47021484375,6828.60009765625,6828.60009765625,23273000
2026-02-23 19:35:00+00:00,6827.72021484375,6829.2998046875,6826.27978515625,6829.27001953125,25863000
2026-02-23 19:40:00+00:00,6824.8701171875,6827.68017578125,6821.77978515625,6827.68017578125,27180000
2026-02-23 19:45:00+00:00,6829.41015625,6830.72021484375,6824.080078125,6825.06005859375,25894000
2026-02-23 19:50:00+00:00,6828.02978515625,6830.22021484375,6826.919921875,6829.52001953125,24851000
2026-02-23 19:55:00+00:00,6826.52978515625,6831.22998046875,6825.9501953125,6828.02978515625,31495000
2026-02-23 20:00:00+00:00,6828.06005859375,6830.31982421875,6826.4501953125,6826.64990234375,26662000
2026-02-23 20:05:00+00:00,6825.10009765625,6829.31982421875,6824.39013671875,6828.14013671875,27396000
2026-02-23 20:10:00+00:00,6823.7001953125,6825.990234375,6822.89013671875,6825.16015625,26718000
2026-02-23 20:15:00+00:00,6825.97998046875,6827.72998046875,6823.39990234375,6823.52978515625,30373000
2026-02-23 20:20:00+00:00,6826.93017578125,6826.93017578125,6823.72021484375,6826.02978515625,30693000
2026-02-23 20:25:00+00:00,6830.25,6831.06982421875,6826.740234375,6826.89013671875,34187000
2026-02-23 20:30:00+00:00,6836.81982421875,6838.60986328125,6830.0400390625,6830.0400390625,39666000
2026-02-23 20:35:00+00:00,6832.31005859375,6836.91015625,6831.64990234375,6836.91015625,38468000
2026-02-23 20:40:00+00:00,6832.68017578125,6833.830078125,6828.06005859375,6832.31982421875,44195000
2026-02-23 20:45:00+00:00,6835.64990234375,6835.97021484375,6830.1201171875,6832.740234375,50264000
2026-02-23 20:50:00+00:00,6827.22021484375,6839.06005859375,6826.740234375,6835.740234375,88356000
2026-02-23 20:55:00+00:00,6839.58984375,6839.58984375,6825.89990234375,6827.330078125,213477000
2026-02-24 14:30:00+00:00,6823.259765625,6839.27001953125,6821.990234375,6837.3701171875,0
2026-02-24 14:35:00+00:00,6837.7900390625,6840.419921875,6815.43017578125,6823.52978515625,73960104
2026-02-24 14:40:00+00:00,6858.72998046875,6859.2099609375,6838.06982421875,6838.080078125,64643656
2026-02-24 14:45:00+00:00,6864.83984375,6870.2900390625,6856.89990234375,6859.10986328125,59003524
2026-02-24 14:50:00+00:00,6857.0,6865.60986328125,6856.08984375,6864.89013671875,49430092
2026-02-24 14:55:00+00:00,6847.8798828125,6857.02978515625,6843.85009765625,6857.02978515625,45499204
2026-02-24 15:00:00+00:00,6842.64990234375,6848.43017578125,6837.490234375,6847.27001953125,44083447
2026-02-24 15:05:00+00:00,6855.58984375,6856.1201171875,6841.919921875,6842.3798828125,42937929
2026-02-24 15:10:00+00:00,6848.64990234375,6857.47021484375,6846.14013671875,6855.22998046875,38043915
2026-02-24 15:15:00+00:00,6858.25,6858.97998046875,6847.2099609375,6848.5,37240575
2026-02-24 15:20:00+00:00,6867.919921875,6868.22021484375,6856.830078125,6857.93017578125,38908246
2026-02-24 15:25:00+00:00,6880.14013671875,6880.52978515625,6866.259765625,6867.8701171875,39387979
2026-02-24 15:30:00+00:00,6877.97998046875,6881.490234375,6876.35009765625,6880.169921875,37106277
2026-02-24 15:35:00+00:00,6874.77978515625,6878.169921875,6873.18994140625,6878.1201171875,33343699
2026-02-24 15:40:00+00:00,6879.68994140625,6881.85009765625,6874.31005859375,6875.1201171875,29528711
2026-02-24 15:45:00+00:00,6877.35986328125,6879.31982421875,6875.10009765625,6879.31982421875,30914590
2026-02-24 15:50:00+00:00,6872.2998046875,6877.330078125,6871.60986328125,6877.330078125,34159495
2026-02-24 15:55:00+00:00,6870.080078125,6873.68994140625,6868.33984375,6872.25,30763323
2026-02-24 16:00:00+00:00,6876.3701171875,6877.669921875,6869.759765625,6870.02978515625,32430476
2026-02-24 16:05:00+00:00,6877.77001953125,6879.009765625,6875.0400390625,6876.52978515625,28501976
2026-02-24 16:10:00+00:00,6882.5498046875,6884.68017578125,6876.06005859375,6877.58984375,31044726
2026-02-24 16:15:00+00:00,6878.4501953125,6883.75,6877.14990234375,6882.5,29058457
2026-02-24 16:20:00+00:00,6875.72998046875,6878.52001953125,6874.4501953125,6878.52001953125,27754000
2026-02-24 16:25:00+00:00,6876.72021484375,6878.33984375,6874.97021484375,6875.6298828125,29304000
2026-02-24 16:30:00+00:00,6868.60009765625,6877.1298828125,6867.72021484375,6876.830078125,27920000
2026-02-24 16:35:00+00:00,6873.7001953125,6874.33984375,6868.669921875,6868.7001953125,27900000
2026-02-24 16:40:00+00:00,6872.509765625,6877.14013671875,6871.31005859375,6873.75,26211000
2026-02-24 16:45:00+00:00,6875.52978515625,6876.93017578125,6872.18017578125,6872.52001953125,24300000
2026-02-24 16:50:00+00:00,6880.85009765625,6881.4599609375,6874.18994140625,6875.52978515625,22924000
2026-02-24 16:55:00+00:00,6880.8701171875,6882.85986328125,6879.580078125,6880.89990234375,24616000
2026-02-24 17:00:00+00:00,6882.27001953125,6884.47021484375,6880.27001953125,6880.60986328125,23106000
2026-02-24 17:05:00+00:00,6886.60009765625,6886.60009765625,6882.22998046875,6882.22998046875,23268000
2026-02-24 17:10:00+00:00,6889.77001953125,6891.41015625,6886.81982421875,6886.81982421875,24071000
2026-02-24 17:15:00+00:00,6890.35986328125,6892.77978515625,6888.580078125,6889.740234375,21929000
2026-02-24 17:20:00+00:00,6891.10986328125,6892.330078125,6890.1298828125,6890.259765625,19687000
2026-02-24 17:25:00+00:00,6891.72021484375,6894.10009765625,6891.1298828125,6891.14013671875,20435000
2026-02-24 17:30:00+00:00,6891.08984375,6893.16015625,6890.490234375,6891.759765625,20534000
2026-02-24 17:35:00+00:00,6890.33984375,6891.64013671875,6889.47021484375,6891.0400390625,20444000
2026-02-24 17:40:00+00:00,6888.31982421875,6891.39990234375,6888.259765625,6890.43994140625,20033000
2026-02-24 17:45:00+00:00,6891.8701171875,6892.14990234375,6886.919921875,6888.33984375,20402000
2026-02-24 17:50:00+00:00,6890.330078125,6893.02978515625,6890.16015625,6891.919921875,19139000
2026-02-24 17:55:00+00:00,6890.490234375,6891.39013671875,6889.2001953125,6890.2099609375,20835000
2026-02-24 18:00:00+00:00,6896.509765625,6897.22021484375,6890.27978515625,6890.47998046875,20362000
2026-02-24 18:05:00+00:00,6892.22021484375,6896.47998046875,6892.2001953125,6896.47998046875,19237000
2026-02-24 18:10:00+00:00,6891.02001953125,6892.75,6890.39013671875,6892.2099609375,17813000
2026-02-24 18:15:00+00:00,6889.31982421875,6891.35009765625,6889.14013671875,6890.93017578125,17079000
2026-02-24 18:20:00+00:00,6887.68994140625,6889.81005859375,6887.3701171875,6889.31005859375,19388000
2026-02-24 18:25:00+00:00,6886.52001953125,6888.490234375,6885.91015625,6887.6201171875,17219000
2026-02-24 18:30:00+00:00,6888.830078125,6889.27978515625,6886.009765625,6886.490234375,21522000
2026-02-24 18:35:00+00:00,6892.89990234375,6893.64990234375,6887.5,6888.669921875,23121000
2026-02-24 18:40:00+00:00,6893.5400390625,6894.43017578125,6892.2099609375,6892.93994140625,21093000
2026-02-24 18:45:00+00:00,6892.93994140625,6894.7099609375,6891.169921875,6893.5400390625,21118000
2026-02-24 18:50:00+00:00,6893.97021484375,6894.759765625,6892.9501953125,6892.9501953125,22144000
2026-02-24 18:55:00+00:00,6890.72998046875,6894.14013671875,6890.669921875,6893.85986328125,21115000
2026-02-24 19:00:00+00:00,6890.81982421875,6892.2998046875,6890.259765625,6890.7099609375,26230000
2026-02-24 19:05:00+00:00,6888.009765625,6890.72998046875,6887.56005859375,6890.60009765625,24367000
2026-02-24 19:10:00+00:00,6888.06005859375,6889.14013671875,6886.5,6888.1201171875,21858000
2026-02-24 19:15:00+00:00,6885.240234375,6888.1201171875,6883.1201171875,6887.97998046875,21962000
2026-02-24 19:20:00+00:00,6884.27978515625,6885.8701171875,6883.18017578125,6885.2998046875,22344000
2026-02-24 19:25:00+00:00,6885.39013671875,6886.77001953125,6883.43017578125,6884.14013671875,24642000
2026-02-24 19:30:00+00:00,6885.33984375,6887.4599609375,6885.06005859375,6885.330078125,21009000
2026-02-24 19:35:00+00:00,6886.7900390625,6886.81005859375,6884.39013671875,6885.35986328125,21927000
2026-02-24 19:40:00+00:00,6888.58984375,6889.52001953125,6886.169921875,6886.81005859375,20698000
2026-02-24 19:45:00+00:00,6888.06982421875,6889.5498046875,6886.77978515625,6888.52978515625,21148000
2026-02-24 19:50:00+00:00,6888.22021484375,6892.81982421875,6888.02001953125,6888.18017578125,23253000
2026-02-24 19:55:00+00:00,6887.66015625,6889.47021484375,6887.39990234375,6888.22998046875,24710000
2026-02-24 20:00:00+00:00,6886.740234375,6889.60986328125,6886.39990234375,6887.64013671875,24675000
2026-02-24 20:05:00+00:00,6885.06982421875,6887.64013671875,6884.0498046875,6886.759765625,23735000
2026-02-24 20:10:00+00:00,6883.27978515625,6885.259765625,6882.47021484375,6885.009765625,25719000
2026-02-24 20:15:00+00:00,6885.18994140625,6885.18994140625,6881.52978515625,6883.3701171875,27451000
2026-02-24 20:20:00+00:00,6884.919921875,6887.080078125,6884.25,6885.25,27974000
2026-02-24 20:25:00+00:00,6881.6201171875,6886.22998046875,6881.47021484375,6884.81005859375,33759000
2026-02-24 20:30:00+00:00,6886.259765625,6887.27001953125,6881.669921875,6881.7001953125,42298000
2026-02-24 20:35:00+00:00,6884.43994140625,6887.14990234375,6884.3798828125,6886.2998046875,40438000
2026-02-24 20:40:00+00:00,6888.52001953125,6888.64013671875,6884.14990234375,6884.5498046875,42533000
2026-02-24 20:45:00+00:00,6891.7998046875,6892.91015625,6888.10986328125,6888.490234375,48600000
2026-02-24 20:50:00+00:00,6894.7998046875,6899.169921875,6890.009765625,6891.72998046875,82637000
2026-02-24 20:55:00+00:00,6891.0400390625,6894.77001953125,6889.31005859375,6894.77001953125,186565000
2026-02-25 14:30:00+00:00,6925.22998046875,6929.56005859375,6915.14990234375,6915.14990234375,0
2026-02-25 14:35:00+00:00,6927.77978515625,6930.89013671875,6924.259765625,6925.2001953125,60302716
2026-02-25 14:40:00+00:00,6926.1201171875,6930.4501953125,6923.5400390625,6927.9501953125,54211563
2026-02-25 14:45:00+00:00,6932.759765625,6935.02978515625,6925.83984375,6925.83984375,53698540
2026-02-25 14:50:00+00:00,6930.72998046875,6936.2001953125,6929.93017578125,6932.8701171875,51816296
2026-02-25 14:55:00+00:00,6929.85986328125,6931.580078125,6924.85009765625,6930.5498046875,47625715
2026-02-25 15:00:00+00:00,6926.1201171875,6932.22998046875,6926.009765625,6929.669921875,52504078
2026-02-25 15:05:00+00:00,6921.68017578125,6926.759765625,6919.759765625,6925.93994140625,45208445
2026-02-25 15:10:00+00:00,6921.33984375,6924.669921875,6920.0498046875,6921.6201171875,39946099
2026-02-25 15:15:00+00:00,6923.02001953125,6923.9599609375,6919.4599609375,6921.2900390625,38228171
2026-02-25 15:20:00+00:00,6924.08984375,6925.27978515625,6919.39990234375,6922.93017578125,34249002
2026-02-25 15:25:00+00:00,6927.60009765625,6928.52001953125,6923.14990234375,6924.0400390625,32832627
2026-02-25 15:30:00+00:00,6920.64990234375,6929.72998046875,6920.43017578125,6927.740234375,36647394
2026-02-25 15:35:00+00:00,6920.22998046875,6921.8701171875,6918.83984375,6920.6201171875,30546876
2026-02-25 15:40:00+00:00,6921.7001953125,6923.72998046875,6919.89990234375,6920.2900390625,32501611
2026-02-25 15:45:00+00:00,6921.7001953125,6924.60986328125,6921.0,6921.580078125,33816438
2026-02-25 15:50:00+00:00,6921.1201171875,6923.75,6920.02978515625,6921.66015625,29635782
2026-02-25 15:55:00+00:00,6924.919921875,6924.919921875,6918.35986328125,6921.009765625,30471548
2026-02-25 16:00:00+00:00,6925.8798828125,6928.18994140625,6924.58984375,6924.93017578125,32905831
2026-02-25 16:05:00+00:00,6929.08984375,6929.22998046875,6924.6201171875,6925.81982421875,30981979
2026-02-25 16:10:00+00:00,6927.39990234375,6929.759765625,6927.009765625,6929.02978515625,29584456
2026-02-25 16:15:00+00:00,6924.39013671875,6927.4599609375,6923.2998046875,6927.4599609375,27309090
2026-02-25 16:20:00+00:00,6927.669921875,6927.77978515625,6923.419921875,6924.3798828125,27824309
2026-02-25 16:25:00+00:00,6931.330078125,6932.1201171875,6927.330078125,6927.5400390625,26326000
2026-02-25 16:30:00+00:00,6931.990234375,6934.6298828125,6931.2099609375,6931.22021484375,28177000
2026-02-25 16:35:00+00:00,6933.27978515625,6933.6201171875,6930.7099609375,6931.81005859375,32917000
2026-02-25 16:40:00+00:00,6935.64990234375,6936.3701171875,6933.08984375,6933.31982421875,24059000
2026-02-25 16:45:00+00:00,6938.91015625,6940.43994140625,6935.7001953125,6935.7001953125,28414000
2026-02-25 16:50:00+00:00,6938.31982421875,6940.2001953125,6937.919921875,6938.81982421875,26500000
2026-02-25 16:55:00+00:00,6937.22998046875,6938.18994140625,6936.77978515625,6938.18994140625,24158000
2026-02-25 17:00:00+00:00,6938.0498046875,6939.6298828125,6936.5400390625,6937.240234375,24697000
2026-02-25 17:05:00+00:00,6937.56005859375,6939.43994140625,6935.41015625,6938.1298828125,23887000
2026-02-25 17:10:00+00:00,6939.52001953125,6940.02978515625,6937.02001953125,6937.7099609375,27762000
2026-02-25 17:15:00+00:00,6939.47021484375,6940.02978515625,6938.5400390625,6939.66015625,26029000
2026-02-25 17:20:00+00:00,6939.6298828125,6940.18994140625,6938.52001953125,6939.4599609375,21596000
2026-02-25 17:25:00+00:00,6936.2900390625,6939.7998046875,6935.81982421875,6939.580078125,22553000
2026-02-25 17:30:00+00:00,6936.919921875,6938.14013671875,6935.25,6936.18017578125,21430000
2026-02-25 17:35:00+00:00,6939.25,6939.64013671875,6936.919921875,6936.9599609375,21345000
2026-02-25 17:40:00+00:00,6939.77978515625,6940.85986328125,6938.83984375,6939.18994140625,20789000
2026-02-25 17:45:00+00:00,6939.52978515625,6941.64990234375,6939.10986328125,6939.830078125,21643000
2026-02-25 17:50:00+00:00,6941.06982421875,6942.10009765625,6939.33984375,6939.580078125,20276000
2026-02-25 17:55:00+00:00,6942.08984375,6942.25,6940.81982421875,6941.2001953125,22548000
2026-02-25 18:00:00+00:00,6941.4599609375,6943.31982421875,6941.330078125,6942.080078125,24274000
2026-02-25 18:05:00+00:00,6941.72998046875,6942.080078125,6941.0498046875,6941.4501953125,21716000
2026-02-25 18:10:00+00:00,6941.81005859375,6943.330078125,6941.4599609375,6941.77978515625,20255000
2026-02-25 18:15:00+00:00,6940.7001953125,6941.89013671875,6940.10986328125,6941.81982421875,19409000
2026-02-25 18:20:00+00:00,6939.60009765625,6940.89990234375,6939.5400390625,6940.68994140625,18319000
2026-02-25 18:25:00+00:00,6939.830078125,6940.31005859375,6939.06005859375,6939.60009765625,19465000
2026-02-25 18:30:00+00:00,6940.080078125,6941.6201171875,6939.740234375,6939.85009765625,18116000
2026-02-25 18:35:00+00:00,6939.580078125,6940.31982421875,6938.830078125,6940.10009765625,20783000
2026-02-25 18:40:00+00:00,6942.5498046875,6942.9501953125,6939.52978515625,6939.60986328125,20486000
2026-02-25 18:45:00+00:00,6942.2998046875,6942.60009765625,6941.60009765625,6942.4501953125,18801000
2026-02-25 18:50:00+00:00,6942.60986328125,6943.31982421875,6942.14013671875,6942.27978515625,20173000
2026-02-25 18:55:00+00:00,6941.83984375,6942.77978515625,6941.18994140625,6942.60009765625,22073000
2026-02-25 19:00:00+00:00,6943.919921875,6945.02978515625,6941.72021484375,6941.85986328125,23966000
2026-02-25 19:05:00+00:00,6946.1298828125,6946.31982421875,6943.27978515625,6943.97998046875,25836000
2026-02-25 19:10:00+00:00,6945.259765625,6946.669921875,6945.2099609375,6946.08984375,23427000
2026-02-25 19:15:00+00:00,6946.83984375,6947.169921875,6944.2998046875,6945.2001953125,23280000
2026-02-25 19:20:00+00:00,6945.64013671875,6947.16015625,6945.22998046875,6946.85009765625,21199000
2026-02-25 19:25:00+00:00,6945.240234375,6946.2998046875,6945.009765625,6945.7099609375,21555000
2026-02-25 19:30:00+00:00,6948.2998046875,6948.2998046875,6945.18017578125,6945.27978515625,24308000
2026-02-25 19:35:00+00:00,6949.10986328125,6949.83984375,6947.830078125,6948.31982421875,21851000
2026-02-25 19:40:00+00:00,6947.4599609375,6949.83984375,6947.41015625,6949.1201171875,22499000
2026-02-25 19:45:00+00:00,6948.77978515625,6949.43994140625,6947.22021484375,6947.509765625,21054000
2026-02-25 19:50:00+00:00,6948.3798828125,6949.240234375,6948.0498046875,6948.830078125,25853000
2026-02-25 19:55:00+00:00,6947.72998046875,6948.97021484375,6947.47021484375,6948.43994140625,23561000
2026-02-25 20:00:00+00:00,6947.68994140625,6949.52978515625,6947.259765625,6947.75,26871000
2026-02-25 20:05:00+00:00,6948.35986328125,6949.0400390625,6947.6298828125,6947.6298828125,25871000
2026-02-25 20:10:00+00:00,6947.68994140625,6948.39990234375,6946.72021484375,6948.39990234375,28084000
2026-02-25 20:15:00+00:00,6947.93994140625,6948.68017578125,6946.72021484375,6947.68994140625,30876000
2026-02-25 20:20:00+00:00,6946.2001953125,6948.080078125,6945.22021484375,6948.02978515625,34873000
2026-02-25 20:25:00+00:00,6945.93017578125,6947.4599609375,6945.93017578125,6946.31005859375,37607000
2026-02-25 20:30:00+00:00,6945.490234375,6946.6201171875,6944.39990234375,6945.9599609375,36534000
2026-02-25 20:35:00+00:00,6947.990234375,6948.39013671875,6944.89990234375,6945.509765625,35415000
2026-02-25 20:40:00+00:00,6947.77978515625,6949.18994140625,6947.1201171875,6948.0,43290000
2026-02-25 20:45:00+00:00,6949.02978515625,6950.6298828125,6947.39013671875,6947.77978515625,50518000
2026-02-25 20:50:00+00:00,6950.4501953125,6952.509765625,6947.93994140625,6949.009765625,88626000
2026-02-25 20:55:00+00:00,6946.89013671875,6950.2900390625,6946.10009765625,6950.2900390625,196389000
2026-02-26 14:30:00+00:00,6937.009765625,6947.25,6935.43017578125,6944.740234375,0
2026-02-26 14:35:00+00:00,6938.52001953125,6940.39013671875,6931.35986328125,6937.3798828125,72214916
2026-02-26 14:40:00+00:00,6930.25,6938.43017578125,6924.7001953125,6938.10009765625,63005188
2026-02-26 14:45:00+00:00,6926.0498046875,6930.33984375,6922.2998046875,6930.33984375,61342776
2026-02-26 14:50:00+00:00,6925.31005859375,6930.43017578125,6922.06982421875,6926.18994140625,54331597
2026-02-26 14:55:00+00:00,6923.27978515625,6930.06005859375,6920.740234375,6925.60986328125,52567980
2026-02-26 15:00:00+00:00,6919.919921875,6925.8701171875,6912.25,6922.89013671875,54355104
2026-02-26 15:05:00+00:00,6915.93994140625,6922.02978515625,6915.240234375,6919.5400390625,45976728
2026-02-26 15:10:00+00:00,6901.75,6921.10009765625,6901.75,6916.14013671875,48697150
2026-02-26 15:15:00+00:00,6880.14990234375,6902.02978515625,6879.6201171875,6901.8798828125,53974524
2026-02-26 15:20:00+00:00,6868.31005859375,6884.7900390625,6865.93994140625,6880.89013671875,50312261
2026-02-26 15:25:00+00:00,6873.3798828125,6878.72021484375,6863.83984375,6868.43017578125,48498653
2026-02-26 15:30:00+00:00,6860.830078125,6873.240234375,6859.72998046875,6872.7998046875,49968706
2026-02-26 15:35:00+00:00,6881.58984375,6881.81982421875,6861.3798828125,6861.3798828125,43617066
2026-02-26 15:40:00+00:00,6885.64013671875,6886.81005859375,6879.72021484375,6881.91015625,43641362
2026-02-26 15:45:00+00:00,6892.43017578125,6893.39990234375,6883.4501953125,6885.64013671875,38119217
2026-02-26 15:50:00+00:00,6892.68994140625,6895.27978515625,6886.7998046875,6892.1298828125,34330534
2026-02-26 15:55:00+00:00,6893.27001953125,6897.39990234375,6889.3798828125,6892.7998046875,35849519
2026-02-26 16:00:00+00:00,6896.93017578125,6898.18017578125,6892.2998046875,6893.39990234375,38161000
2026-02-26 16:05:00+00:00,6897.72021484375,6898.85009765625,6891.2998046875,6896.83984375,36973000
2026-02-26 16:10:00+00:00,6901.83984375,6901.83984375,6895.2099609375,6897.56005859375,33805000
2026-02-26 16:15:00+00:00,6899.64013671875,6906.4599609375,6898.7998046875,6902.02001953125,33140000
2026-02-26 16:20:00+00:00,6900.5400390625,6903.68994140625,6898.10986328125,6899.47998046875,32204000
2026-02-26 16:25:00+00:00,6903.85009765625,6906.7001953125,6900.60009765625,6900.60009765625,32614000
2026-02-26 16:30:00+00:00,6901.64990234375,6904.56005859375,6900.7900390625,6903.7900390625,30080000
2026-02-26 16:35:00+00:00,6891.16015625,6901.8701171875,6890.240234375,6901.5498046875,30141000
2026-02-26 16:40:00+00:00,6884.83984375,6892.169921875,6884.6298828125,6891.10009765625,28198000
2026-02-26 16:45:00+00:00,6888.740234375,6889.169921875,6879.41015625,6884.75,29269000
2026-02-26 16:50:00+00:00,6879.85986328125,6890.22021484375,6879.85986328125,6888.85009765625,26035000
2026-02-26 16:55:00+00:00,6877.81982421875,6881.1201171875,6876.2998046875,6879.93994140625,28348000
2026-02-26 17:00:00+00:00,6881.759765625,6881.759765625,6877.39013671875,6877.97021484375,27422000
2026-02-26 17:05:00+00:00,6881.97021484375,6884.60009765625,6881.02978515625,6881.56982421875,23451000
2026-02-26 17:10:00+00:00,6879.1298828125,6886.1298828125,6879.1298828125,6882.10986328125,24294000
2026-02-26 17:15:00+00:00,6879.39990234375,6880.56982421875,6876.52001953125,6878.8798828125,23083000
2026-02-26 17:20:00+00:00,6879.5400390625,6880.22021484375,6876.89013671875,6879.2998046875,21419000
2026-02-26 17:25:00+00:00,6878.43017578125,6880.990234375,6877.89990234375,6879.43017578125,23411000
2026-02-26 17:30:00+00:00,6884.080078125,6886.2099609375,6877.919921875,6878.2900390625,24152000
2026-02-26 17:35:00+00:00,6875.10986328125,6884.2099609375,6873.58984375,6884.2099609375,22293000
2026-02-26 17:40:00+00:00,6872.509765625,6876.33984375,6872.419921875,6875.08984375,19657000
2026-02-26 17:45:00+00:00,6868.52978515625,6873.75,6867.68017578125,6872.3701171875,22822000
2026-02-26 17:50:00+00:00,6874.08984375,6874.3798828125,6866.60009765625,6868.47998046875,21731000
2026-02-26 17:55:00+00:00,6871.16015625,6874.02978515625,6869.16015625,6874.02978515625,21805000
2026-02-26 18:00:00+00:00,6866.7900390625,6871.10986328125,6865.58984375,6871.06005859375,23355000
2026-02-26 18:05:00+00:00,6866.31982421875,6869.52001953125,6864.14013671875,6866.8701171875,26414000
2026-02-26 18:10:00+00:00,6869.0400390625,6870.81005859375,6866.2099609375,6866.35986328125,23108000
2026-02-26 18:15:00+00:00,6873.4599609375,6873.4599609375,6865.169921875,6868.97021484375,22901000
2026-02-26 18:20:00+00:00,6873.580078125,6873.7998046875,6869.27001953125,6873.31005859375,21094000
2026-02-26 18:25:00+00:00,6872.759765625,6875.02978515625,6872.08984375,6873.75,19778000
2026-02-26 18:30:00+00:00,6884.89990234375,6884.93994140625,6870.89013671875,6872.6298828125,31629000
2026-02-26 18:35:00+00:00,6890.39990234375,6892.0498046875,6881.83984375,6884.9501953125,25632000
2026-02-26 18:40:00+00:00,6891.5498046875,6893.14013671875,6888.740234375,6890.3701171875,20627000
2026-02-26 18:45:00+00:00,6890.22021484375,6897.169921875,6887.47998046875,6891.31982421875,22729000
2026-02-26 18:50:00+00:00,6888.97998046875,6890.35986328125,6886.8798828125,6890.35986328125,18933000
2026-02-26 18:55:00+00:00,6889.8701171875,6892.16015625,6887.60986328125,6889.0,21444000
2026-02-26 19:00:00+00:00,6894.68017578125,6895.5400390625,6887.919921875,6889.919921875,24035000
2026-02-26 19:05:00+00:00,6900.43994140625,6900.43994140625,6894.22021484375,6894.7099609375,24420000
2026-02-26 19:10:00+00:00,6901.1298828125,6903.2900390625,6899.56005859375,6900.2998046875,23285000
2026-02-26 19:15:00+00:00,6905.5,6907.35986328125,6901.240234375,6901.240234375,25986000
2026-02-26 19:20:00+00:00,6908.25,6908.990234375,6904.97998046875,6905.43994140625,26097000
2026-02-26 19:25:00+00:00,6902.27001953125,6908.240234375,6901.1298828125,6908.240234375,25312000
2026-02-26 19:30:00+00:00,6907.97998046875,6908.580078125,6901.259765625,6902.16015625,23911000
2026-02-26 19:35:00+00:00,6906.3798828125,6909.08984375,6905.56982421875,6907.93994140625,23479000
2026-02-26 19:40:00+00:00,6907.7099609375,6908.22021484375,6906.0,6906.66015625,23966000
2026-02-26 19:45:00+00:00,6911.740234375,6912.56982421875,6907.60009765625,6907.60009765625,24544000
2026-02-26 19:50:00+00:00,6911.0498046875,6911.85009765625,6909.080078125,6911.7099609375,25747000
2026-02-26 19:55:00+00:00,6906.41015625,6912.39013671875,6906.35009765625,6911.06982421875,28602000
2026-02-26 20:00:00+00:00,6911.419921875,6911.93994140625,6904.72021484375,6906.2900390625,25413000
2026-02-26 20:05:00+00:00,6907.31005859375,6913.7099609375,6907.31005859375,6911.52978515625,28599000
2026-02-26 20:10:00+00:00,6904.81005859375,6907.97998046875,6904.81005859375,6907.2099609375,33744000
2026-02-26 20:15:00+00:00,6907.14013671875,6908.52978515625,6903.02978515625,6904.93017578125,30389000
2026-02-26 20:20:00+00:00,6904.4599609375,6907.580078125,6902.97998046875,6907.18994140625,30230000
2026-02-26 20:25:00+00:00,6902.47021484375,6906.31005859375,6902.18994140625,6904.4599609375,36610000
2026-02-26 20:30:00+00:00,6909.91015625,6910.0,6902.4501953125,6902.4501953125,37771000
2026-02-26 20:35:00+00:00,6910.0498046875,6910.9501953125,6907.580078125,6910.0,38485000
2026-02-26 20:40:00+00:00,6909.1201171875,6910.259765625,6906.16015625,6910.06982421875,48264000
2026-02-26 20:45:00+00:00,6907.56982421875,6909.39013671875,6905.6201171875,6909.0400390625,53418000
2026-02-26 20:50:00+00:00,6906.7001953125,6909.93017578125,6902.4599609375,6907.64013671875,86964000
2026-02-26 20:55:00+00:00,6909.009765625,6909.009765625,6904.22998046875,6906.22998046875,194505000
2026-02-27 14:30:00+00:00,6852.52001953125,6856.81982421875,6843.740234375,6856.5400390625,0
2026-02-27 14:35:00+00:00,6856.5,6857.0400390625,6844.81005859375,6852.830078125,74146020
2026-02-27 14:40:00+00:00,6841.759765625,6856.27978515625,6831.740234375,6856.27978515625,62508261
2026-02-27 14:45:00+00:00,6850.41015625,6852.759765625,6837.97998046875,6841.75,58444392
2026-02-27 14:50:00+00:00,6845.75,6851.16015625,6842.39990234375,6850.4599609375,51577800
2026-02-27 14:55:00+00:00,6844.68994140625,6848.02978515625,6841.4599609375,6845.330078125,49621884
2026-02-27 15:00:00+00:00,6854.330078125,6859.3701171875,6841.9599609375,6843.93017578125,52645552
2026-02-27 15:05:00+00:00,6863.490234375,6868.580078125,6854.22998046875,6854.490234375,49827271
2026-02-27 15:10:00+00:00,6861.22021484375,6870.58984375,6860.990234375,6863.16015625,52273111
2026-02-27 15:15:00+00:00,6857.080078125,6863.47021484375,6852.22021484375,6861.08984375,47883653
2026-02-27 15:20:00+00:00,6863.56982421875,6864.64990234375,6855.72998046875,6856.97021484375,41905100
2026-02-27 15:25:00+00:00,6860.990234375,6863.4501953125,6856.91015625,6863.2099609375,35851248
2026-02-27 15:30:00+00:00,6860.39990234375,6861.52978515625,6853.60986328125,6861.0498046875,39211263
2026-02-27 15:35:00+00:00,6865.7099609375,6869.7998046875,6859.77978515625,6859.91015625,36277024
2026-02-27 15:40:00+00:00,6872.18017578125,6872.41015625,6863.2099609375,6865.75,34481882
2026-02-27 15:45:00+00:00,6866.31005859375,6875.39990234375,6865.68994140625,6872.2998046875,32216578
2026-02-27 15:50:00+00:00,6860.58984375,6866.5,6858.52978515625,6866.08984375,31894001
2026-02-27 15:55:00+00:00,6867.830078125,6868.740234375,6857.83984375,6860.56982421875,31157513
2026-02-27 16:00:00+00:00,6872.25,6874.33984375,6866.580078125,6867.580078125,31969674
2026-02-27 16:05:00+00:00,6863.14013671875,6873.06005859375,6862.39013671875,6872.72021484375,30319000
2026-02-27 16:10:00+00:00,6870.7900390625,6871.08984375,6863.240234375,6863.240234375,31642000
2026-02-27 16:15:00+00:00,6871.77001953125,6875.68994140625,6868.22021484375,6870.56982421875,30571000
2026-02-27 16:20:00+00:00,6873.56005859375,6873.72021484375,6867.419921875,6871.7900390625,32608000
2026-02-27 16:25:00+00:00,6868.8701171875,6875.2099609375,6868.75,6873.47021484375,32774000
2026-02-27 16:30:00+00:00,6876.81005859375,6877.22021484375,6869.0498046875,6869.0498046875,30685000
2026-02-27 16:35:00+00:00,6870.2099609375,6877.3798828125,6870.10009765625,6876.89013671875,27894000
2026-02-27 16:40:00+00:00,6862.509765625,6870.490234375,6862.509765625,6870.490234375,29604000
2026-02-27 16:45:00+00:00,6861.52978515625,6865.4599609375,6861.18994140625,6862.5400390625,28514000
2026-02-27 16:50:00+00:00,6871.1298828125,6871.6298828125,6861.419921875,6861.419921875,29005000
2026-02-27 16:55:00+00:00,6863.89990234375,6874.330078125,6863.4501953125,6871.2900390625,28330000
2026-02-27 17:00:00+00:00,6871.47021484375,6873.02978515625,6863.759765625,6863.759765625,24946000
2026-02-27 17:05:00+00:00,6876.56005859375,6877.60009765625,6870.6298828125,6871.3798828125,24070000
2026-02-27 17:10:00+00:00,6863.91015625,6876.60009765625,6863.64990234375,6876.5400390625,27032000
2026-02-27 17:15:00+00:00,6857.25,6863.97998046875,6857.06982421875,6863.93994140625,24605000
2026-02-27 17:20:00+00:00,6855.27001953125,6857.81005859375,6848.5,6857.31982421875,30740000
2026-02-27 17:25:00+00:00,6856.2900390625,6859.68017578125,6854.5,6855.31982421875,29741000
2026-02-27 17:30:00+00:00,6864.080078125,6864.66015625,6853.2001953125,6856.2998046875,35283000
2026-02-27 17:35:00+00:00,6858.740234375,6865.8798828125,6858.7001953125,6863.93994140625,27445000
2026-02-27 17:40:00+00:00,6855.02001953125,6859.2998046875,6852.33984375,6858.6201171875,27270000
2026-02-27 17:45:00+00:00,6854.10009765625,6854.89990234375,6850.580078125,6854.89990234375,25235000
2026-02-27 17:50:00+00:00,6855.41015625,6857.4501953125,6851.27978515625,6853.9599609375,24008000
2026-02-27 17:55:00+00:00,6859.06982421875,6859.5498046875,6855.4501953125,6855.490234375,22254000
2026-02-27 18:00:00+00:00,6857.2998046875,6861.419921875,6856.14990234375,6859.02978515625,27892000
2026-02-27 18:05:00+00:00,6855.14990234375,6859.5,6854.91015625,6857.27978515625,23195000
2026-02-27 18:10:00+00:00,6854.0498046875,6857.68017578125,6853.72998046875,6854.97021484375,22483000
2026-02-27 18:15:00+00:00,6850.89990234375,6854.60009765625,6850.47021484375,6853.97998046875,23843000
2026-02-27 18:20:00+00:00,6849.81005859375,6852.1201171875,6847.35986328125,6850.93017578125,28254000
2026-02-27 18:25:00+00:00,6852.759765625,6853.93017578125,6846.02001953125,6849.8798828125,25323000
2026-02-27 18:30:00+00:00,6852.0498046875,6854.3701171875,6850.41015625,6852.83984375,22278000
2026-02-27 18:35:00+00:00,6852.60009765625,6853.169921875,6848.4599609375,6851.8798828125,21119000
2026-02-27 18:40:00+00:00,6853.39990234375,6857.490234375,6852.43994140625,6852.56982421875,25116000
2026-02-27 18:45:00+00:00,6852.08984375,6855.1201171875,6851.16015625,6853.52001953125,22964000
2026-02-27 18:50:00+00:00,6853.58984375,6855.47021484375,6850.1298828125,6852.18017578125,24864000
2026-02-27 18:55:00+00:00,6854.8701171875,6855.5400390625,6851.0498046875,6853.52001953125,23864000
2026-02-27 19:00:00+00:00,6861.97021484375,6862.490234375,6854.43017578125,6854.85986328125,27511000
2026-02-27 19:05:00+00:00,6854.169921875,6865.27978515625,6853.18994140625,6862.0400390625,30012000
2026-02-27 19:10:00+00:00,6854.68994140625,6857.330078125,6851.830078125,6854.31005859375,27892000
2026-02-27 19:15:00+00:00,6854.6201171875,6856.1298828125,6853.259765625,6854.81005859375,24279000
2026-02-27 19:20:00+00:00,6852.56005859375,6855.31005859375,6852.1298828125,6854.58984375,23280000
2026-02-27 19:25:00+00:00,6851.10009765625,6855.22021484375,6850.39990234375,6852.33984375,26051000
2026-02-27 19:30:00+00:00,6849.7001953125,6851.10986328125,6847.56005859375,6851.10986328125,26488000
2026-02-27 19:35:00+00:00,6854.52978515625,6855.2998046875,6849.7099609375,6849.7099609375,24999000
2026-02-27 19:40:00+00:00,6848.419921875,6854.330078125,6845.60009765625,6854.240234375,27289000
2026-02-27 19:45:00+00:00,6847.41015625,6851.27978515625,6847.27001953125,6848.6298828125,24146000
2026-02-27 19:50:00+00:00,6848.52978515625,6849.7099609375,6846.8701171875,6847.60009765625,25603000
2026-02-27 19:55:00+00:00,6849.0,6851.06005859375,6847.83984375,6848.27978515625,29332000
2026-02-27 20:00:00+00:00,6851.83984375,6854.419921875,6848.81005859375,6848.81005859375,31069000
2026-02-27 20:05:00+00:00,6854.64013671875,6856.35986328125,6851.7099609375,6851.85986328125,28260000
2026-02-27 20:10:00+00:00,6866.93994140625,6867.169921875,6854.68994140625,6854.759765625,35499000
2026-02-27 20:15:00+00:00,6871.169921875,6871.81982421875,6866.68017578125,6867.10986328125,35542000
2026-02-27 20:20:00+00:00,6873.81005859375,6875.9599609375,6867.4501953125,6871.14013671875,35453000
2026-02-27 20:25:00+00:00,6871.1298828125,6874.6201171875,6870.97998046875,6873.81005859375,35550000
2026-02-27 20:30:00+00:00,6868.91015625,6872.990234375,6868.58984375,6871.169921875,45099000
2026-02-27 20:35:00+00:00,6861.60009765625,6869.35986328125,6860.52001953125,6868.93994140625,46709000
2026-02-27 20:40:00+00:00,6865.25,6869.5498046875,6861.16015625,6861.5,52195000
2026-02-27 20:45:00+00:00,6869.419921875,6870.4599609375,6865.18994140625,6865.259765625,72848000
2026-02-27 20:50:00+00:00,6871.080078125,6876.5400390625,6866.490234375,6869.64013671875,126291000
2026-02-27 20:55:00+00:00,6878.0400390625,6882.9599609375,6868.27001953125,6871.25,279383000
2026-03-02 14:30:00+00:00,6827.2001953125,6829.27001953125,6796.85009765625,6824.35986328125,0
2026-03-02 14:35:00+00:00,6826.56005859375,6840.6298828125,6824.93017578125,6827.14990234375,82027624
2026-03-02 14:40:00+00:00,6835.27978515625,6838.490234375,6826.0,6826.0,66981212
2026-03-02 14:45:00+00:00,6848.1201171875,6849.0498046875,6832.35986328125,6835.7099609375,57848999
2026-03-02 14:50:00+00:00,6841.2001953125,6848.31982421875,6834.91015625,6848.10009765625,52517952
2026-03-02 14:55:00+00:00,6845.47021484375,6846.0498046875,6835.7900390625,6841.2900390625,47176372
2026-03-02 15:00:00+00:00,6857.3798828125,6859.47021484375,6835.60986328125,6845.18017578125,54743483
2026-03-02 15:05:00+00:00,6858.81005859375,6865.25,6855.39990234375,6858.02978515625,51644979
2026-03-02 15:10:00+00:00,6865.31982421875,6868.490234375,6857.9599609375,6857.9599609375,44588587
2026-03-02 15:15:00+00:00,6862.39013671875,6868.52978515625,6859.64013671875,6865.14990234375,46104050
2026-03-02 15:20:00+00:00,6857.18994140625,6863.91015625,6851.08984375,6862.47021484375,44825805
2026-03-02 15:25:00+00:00,6848.240234375,6859.06005859375,6846.14990234375,6857.14990234375,41373324
2026-03-02 15:30:00+00:00,6844.85986328125,6852.85009765625,6841.33984375,6849.77001953125,45021292
2026-03-02 15:35:00+00:00,6854.10009765625,6854.669921875,6840.14990234375,6845.009765625,37248845
2026-03-02 15:40:00+00:00,6858.6298828125,6858.6298828125,6850.490234375,6854.2001953125,37398515
2026-03-02 15:45:00+00:00,6856.759765625,6863.31982421875,6853.81982421875,6858.58984375,35064324
2026-03-02 15:50:00+00:00,6849.2900390625,6860.33984375,6848.580078125,6856.75,38453699
2026-03-02 15:55:00+00:00,6857.52978515625,6858.0400390625,6847.43017578125,6849.1201171875,33768000
2026-03-02 16:00:00+00:00,6861.509765625,6861.509765625,6852.169921875,6857.60009765625,32133000
2026-03-02 16:05:00+00:00,6869.97021484375,6870.22998046875,6859.580078125,6861.25,31462000
2026-03-02 16:10:00+00:00,6868.85986328125,6871.60009765625,6867.43994140625,6870.259765625,35632000
2026-03-02 16:15:00+00:00,6862.60986328125,6868.72021484375,6862.259765625,6868.72021484375,32601000
2026-03-02 16:20:00+00:00,6862.02978515625,6864.2099609375,6860.009765625,6862.77978515625,29486000
2026-03-02 16:25:00+00:00,6848.330078125,6862.22021484375,6845.27001953125,6861.7099609375,32200000
2026-03-02 16:30:00+00:00,6853.58984375,6853.93017578125,6845.1201171875,6847.64990234375,31945000
2026-03-02 16:35:00+00:00,6866.89013671875,6866.89013671875,6850.64013671875,6853.31982421875,30685000
2026-03-02 16:40:00+00:00,6879.39013671875,6880.25,6866.85986328125,6866.8798828125,30495000
2026-03-02 16:45:00+00:00,6879.97021484375,6884.64990234375,6879.14013671875,6879.4501953125,30898000
2026-03-02 16:50:00+00:00,6877.2099609375,6880.58984375,6875.8701171875,6880.2001953125,29157000
2026-03-02 16:55:00+00:00,6878.14990234375,6880.14990234375,6875.02978515625,6877.02001953125,27123000
2026-03-02 17:00:00+00:00,6878.580078125,6878.9501953125,6874.3701171875,6878.10986328125,26974000
2026-03-02 17:05:00+00:00,6876.8701171875,6881.31982421875,6874.52978515625,6878.6201171875,25036000
2026-03-02 17:10:00+00:00,6878.7900390625,6879.169921875,6873.02001953125,6876.8701171875,23842000
2026-03-02 17:15:00+00:00,6886.1298828125,6886.2998046875,6878.72998046875,6878.830078125,22772000
2026-03-02 17:20:00+00:00,6885.77978515625,6887.009765625,6882.6298828125,6885.8701171875,23795000
2026-03-02 17:25:00+00:00,6880.18017578125,6885.669921875,6880.18017578125,6885.669921875,22597000
2026-03-02 17:30:00+00:00,6876.509765625,6882.2099609375,6876.47998046875,6880.1201171875,22859000
2026-03-02 17:35:00+00:00,6878.18994140625,6881.83984375,6876.06982421875,6876.56005859375,23141000
2026-03-02 17:40:00+00:00,6882.64013671875,6883.68994140625,6877.10986328125,6878.0498046875,19917000
2026-03-02 17:45:00+00:00,6883.68017578125,6885.2001953125,6881.240234375,6882.35009765625,22362000
2026-03-02 17:50:00+00:00,6886.75,6888.31982421875,6882.2001953125,6883.7099609375,20936000
2026-03-02 17:55:00+00:00,6887.669921875,6887.93017578125,6882.6201171875,6886.75,20469000
2026-03-02 18:00:00+00:00,6886.990234375,6889.02978515625,6886.1298828125,6887.6201171875,21179000
2026-03-02 18:05:00+00:00,6884.83984375,6888.85986328125,6884.81982421875,6887.31005859375,20112000
2026-03-02 18:10:00+00:00,6885.5400390625,6886.2099609375,6883.72021484375,6884.64990234375,20826000
2026-03-02 18:15:00+00:00,6881.35986328125,6885.47021484375,6881.02978515625,6885.47021484375,21962000
2026-03-02 18:20:00+00:00,6879.4599609375,6881.490234375,6876.81982421875,6881.27978515625,20634000
2026-03-02 18:25:00+00:00,6882.2998046875,6883.830078125,6877.91015625,6879.47021484375,18790000
2026-03-02 18:30:00+00:00,6881.39013671875,6883.60986328125,6879.91015625,6882.419921875,22632000
2026-03-02 18:35:00+00:00,6877.31005859375,6881.39990234375,6876.10009765625,6881.39990234375,20841000
2026-03-02 18:40:00+00:00,6877.91015625,6878.31005859375,6873.68994140625,6877.3701171875,23505000
2026-03-02 18:45:00+00:00,6873.72998046875,6877.85986328125,6868.77978515625,6877.81005859375,22864000
2026-03-02 18:50:00+00:00,6872.85986328125,6875.47021484375,6870.77001953125,6873.740234375,18717000
2026-03-02 18:55:00+00:00,6868.68994140625,6873.0,6868.08984375,6872.8701171875,23954000
2026-03-02 19:00:00+00:00,6872.2099609375,6872.35009765625,6867.60009765625,6868.6201171875,24062000
2026-03-02 19:05:00+00:00,6879.490234375,6879.52001953125,6870.85009765625,6871.990234375,24787000
2026-03-02 19:10:00+00:00,6884.39013671875,6884.919921875,6879.330078125,6879.4501953125,26685000
2026-03-02 19:15:00+00:00,6891.4599609375,6892.47998046875,6884.3701171875,6884.3701171875,23143000
2026-03-02 19:20:00+00:00,6892.64990234375,6896.41015625,6891.31005859375,6891.47998046875,22377000
2026-03-02 19:25:00+00:00,6896.7998046875,6897.330078125,6890.8798828125,6892.52001953125,22197000
2026-03-02 19:30:00+00:00,6899.240234375,6899.91015625,6896.7099609375,6896.8701171875,23713000
2026-03-02 19:35:00+00:00,6898.47998046875,6901.009765625,6898.080078125,6899.14013671875,22240000
2026-03-02 19:40:00+00:00,6895.52001953125,6899.5498046875,6894.93017578125,6898.22021484375,22674000
2026-03-02 19:45:00+00:00,6897.8798828125,6899.22998046875,6895.4501953125,6895.4501953125,20638000
2026-03-02 19:50:00+00:00,6899.43994140625,6899.9599609375,6896.330078125,6897.93994140625,23277000
2026-03-02 19:55:00+00:00,6897.0,6900.22998046875,6896.7001953125,6899.5,23433000
2026-03-02 20:00:00+00:00,6895.72998046875,6898.169921875,6894.27001953125,6896.93994140625,27107000
2026-03-02 20:05:00+00:00,6877.080078125,6896.81005859375,6875.4599609375,6895.75,35574000
2026-03-02 20:10:00+00:00,6868.330078125,6877.18994140625,6867.2001953125,6877.18994140625,34636000
2026-03-02 20:15:00+00:00,6875.6201171875,6880.240234375,6864.77978515625,6868.02978515625,33904000
2026-03-02 20:20:00+00:00,6872.009765625,6877.39013671875,6870.759765625,6875.66015625,30259000
2026-03-02 20:25:00+00:00,6868.81005859375,6874.919921875,6868.22998046875,6871.9501953125,30985000
2026-03-02 20:30:00+00:00,6875.60986328125,6875.75,6867.83984375,6868.7099609375,34299000
2026-03-02 20:35:00+00:00,6876.43994140625,6878.8701171875,6871.97998046875,6875.43994140625,35288000
2026-03-02 20:40:00+00:00,6877.2998046875,6877.72021484375,6870.9501953125,6876.14990234375,39144000
2026-03-02 20:45:00+00:00,6879.06005859375,6881.669921875,6875.02978515625,6877.14013671875,50635000
2026-03-02 20:50:00+00:00,6882.60986328125,6882.64990234375,6875.31005859375,6878.85986328125,83931000
2026-03-02 20:55:00+00:00,6880.0498046875,6887.990234375,6879.31982421875,6882.7998046875,211809000
2026-03-03 14:30:00+00:00,6759.52001953125,6800.259765625,6759.31005859375,6800.259765625,69318862
2026-03-03 14:35:00+00:00,6773.22998046875,6783.93994140625,6756.1201171875,6759.5,68777894
2026-03-03 14:40:00+00:00,6747.97998046875,6773.509765625,6746.990234375,6772.47021484375,57982880
2026-03-03 14:45:00+00:00,6739.08984375,6760.60009765625,6739.08984375,6747.9599609375,58089545
2026-03-03 14:50:00+00:00,6746.22021484375,6751.68994140625,6735.9599609375,6738.77001953125,54495746
2026-03-03 14:55:00+00:00,6736.9501953125,6746.83984375,6733.72021484375,6746.009765625,46412276
2026-03-03 15:00:00+00:00,6734.509765625,6751.740234375,6731.08984375,6736.81982421875,51242642
2026-03-03 15:05:00+00:00,6738.0,6744.990234375,6730.56982421875,6735.02001953125,43381032
2026-03-03 15:10:00+00:00,6740.64990234375,6748.68017578125,6731.56982421875,6737.91015625,47150878
2026-03-03 15:15:00+00:00,6724.5400390625,6742.16015625,6723.18994140625,6740.56982421875,41740194
2026-03-03 15:20:00+00:00,6718.35009765625,6724.56005859375,6713.14990234375,6724.56005859375,47141580
2026-03-03 15:25:00+00:00,6711.81005859375,6719.22998046875,6710.419921875,6718.16015625,44591610
2026-03-03 15:30:00+00:00,6723.9501953125,6731.3701171875,6711.91015625,6711.91015625,49146267
2026-03-03 15:35:00+00:00,6731.68017578125,6735.43994140625,6723.0400390625,6724.1298828125,38797896
2026-03-03 15:40:00+00:00,6726.83984375,6738.330078125,6724.35009765625,6731.5400390625,37274802
2026-03-03 15:45:00+00:00,6727.10009765625,6734.6298828125,6722.169921875,6726.77978515625,38408730
2026-03-03 15:50:00+00:00,6719.7900390625,6728.5400390625,6718.08984375,6727.240234375,34674971
2026-03-03 15:55:00+00:00,6733.10009765625,6734.43017578125,6719.509765625,6719.93017578125,41065611
2026-03-03 16:00:00+00:00,6747.47998046875,6748.0498046875,6731.81005859375,6733.39990234375,39465314
2026-03-03 16:05:00+00:00,6759.8701171875,6762.77001953125,6747.77978515625,6747.77978515625,42417000
2026-03-03 16:10:00+00:00,6765.0498046875,6766.18017578125,6757.47021484375,6759.75,34473000
2026-03-03 16:15:00+00:00,6767.4501953125,6775.33984375,6764.7998046875,6765.1298828125,33843000
2026-03-03 16:20:00+00:00,6777.2998046875,6777.66015625,6765.3701171875,6767.43017578125,34756000
2026-03-03 16:25:00+00:00,6775.580078125,6779.759765625,6773.39013671875,6777.35009765625,33649000
2026-03-03 16:30:00+00:00,6772.3798828125,6775.1298828125,6761.77978515625,6775.1298828125,32442000
2026-03-03 16:35:00+00:00,6774.83984375,6779.080078125,6770.7099609375,6772.27001953125,28640000
2026-03-03 16:40:00+00:00,6781.330078125,6781.35986328125,6768.10986328125,6774.8701171875,33130000
2026-03-03 16:45:00+00:00,6789.35009765625,6798.0,6781.3701171875,6781.3701171875,33888000
2026-03-03 16:50:00+00:00,6792.66015625,6793.419921875,6787.43994140625,6790.02978515625,26318000
2026-03-03 16:55:00+00:00,6789.97021484375,6796.8701171875,6788.9501953125,6793.0,24760000
2026-03-03 17:00:00+00:00,6788.740234375,6793.4599609375,6783.60986328125,6789.89013671875,30022000
2026-03-03 17:05:00+00:00,6782.490234375,6792.35986328125,6781.93994140625,6788.83984375,26604000
2026-03-03 17:10:00+00:00,6785.58984375,6785.58984375,6778.7998046875,6782.22021484375,25926000
2026-03-03 17:15:00+00:00,6789.97998046875,6790.919921875,6781.759765625,6785.52978515625,23205000
2026-03-03 17:20:00+00:00,6796.330078125,6796.330078125,6784.35986328125,6790.18994140625,23307000
2026-03-03 17:25:00+00:00,6798.0400390625,6799.009765625,6792.240234375,6796.490234375,21978000
2026-03-03 17:30:00+00:00,6779.27001953125,6797.81005859375,6777.990234375,6797.7998046875,23608000
2026-03-03 17:35:00+00:00,6781.02001953125,6784.919921875,6776.4501953125,6779.27978515625,24969000
2026-03-03 17:40:00+00:00,6796.97998046875,6797.22998046875,6781.31005859375,6781.31005859375,22172000
2026-03-03 17:45:00+00:00,6797.39990234375,6798.64013671875,6792.259765625,6796.990234375,21597000
2026-03-03 17:50:00+00:00,6785.31982421875,6797.5400390625,6784.39990234375,6797.5,24684000
2026-03-03 17:55:00+00:00,6788.64990234375,6791.18994140625,6784.009765625,6785.35009765625,19848000
2026-03-03 18:00:00+00:00,6798.52978515625,6801.91015625,6788.72998046875,6788.72998046875,22810000
2026-03-03 18:05:00+00:00,6802.5400390625,6802.8701171875,6796.669921875,6798.47998046875,20044000
2026-03-03 18:10:00+00:00,6794.91015625,6802.77978515625,6791.259765625,6802.5498046875,21801000
2026-03-03 18:15:00+00:00,6801.5,6802.77001953125,6795.35009765625,6795.35009765625,17913000
2026-03-03 18:20:00+00:00,6814.509765625,6815.2900390625,6801.509765625,6801.509765625,23613000
2026-03-03 18:25:00+00:00,6812.89990234375,6818.47998046875,6812.2001953125,6814.72021484375,22986000
2026-03-03 18:30:00+00:00,6820.31005859375,6822.10986328125,6812.02978515625,6812.93994140625,26261000
2026-03-03 18:35:00+00:00,6827.330078125,6827.60009765625,6817.58984375,6820.35986328125,26367000
2026-03-03 18:40:00+00:00,6826.419921875,6832.7900390625,6824.25,6827.5400390625,27103000
2026-03-03 18:45:00+00:00,6828.330078125,6828.8701171875,6819.68017578125,6826.2099609375,24974000
2026-03-03 18:50:00+00:00,6828.56982421875,6832.919921875,6826.8798828125,6828.39013671875,24189000
2026-03-03 18:55:00+00:00,6826.490234375,6830.10009765625,6824.14013671875,6828.580078125,23031000
2026-03-03 19:00:00+00:00,6826.35986328125,6828.8701171875,6823.14013671875,6826.56005859375,25021000
2026-03-03 19:05:00+00:00,6815.419921875,6827.47998046875,6815.009765625,6826.5498046875,26179000
2026-03-03 19:10:00+00:00,6819.83984375,6820.5400390625,6812.0498046875,6815.5400390625,26962000
2026-03-03 19:15:00+00:00,6823.52001953125,6825.39013671875,6819.64990234375,6819.93994140625,23787000
2026-03-03 19:20:00+00:00,6824.43017578125,6829.33984375,6823.7001953125,6823.7001953125,24508000
2026-03-03 19:25:00+00:00,6819.31982421875,6824.9501953125,6819.18994140625,6824.4599609375,24327000
2026-03-03 19:30:00+00:00,6811.2099609375,6821.4501953125,6809.56982421875,6819.33984375,25877000
2026-03-03 19:35:00+00:00,6823.68017578125,6831.14013671875,6808.1201171875,6811.31982421875,37644000
2026-03-03 19:40:00+00:00,6833.2900390625,6833.6298828125,6823.22998046875,6823.81005859375,34300000
2026-03-03 19:45:00+00:00,6835.41015625,6840.0498046875,6833.18994140625,6833.33984375,28887000
2026-03-03 19:50:00+00:00,6829.27001953125,6837.85009765625,6824.02001953125,6835.2099609375,31873000
2026-03-03 19:55:00+00:00,6828.10009765625,6828.10009765625,6828.10009765625,6828.10009765625,0
